original_id,renamed_id,content_and_metadata_unchanged
candidate_pool-0000,audit-renamed-00000,True
candidate_pool-0001,audit-renamed-00001,True
candidate_pool-0002,audit-renamed-00002,True
candidate_pool-0003,audit-renamed-00003,True
candidate_pool-0004,audit-renamed-00004,True
candidate_pool-0005,audit-renamed-00005,True
candidate_pool-0006,audit-renamed-00006,True
candidate_pool-0007,audit-renamed-00007,True
candidate_pool-0008,audit-renamed-00008,True
candidate_pool-0009,audit-renamed-00009,True
candidate_pool-0010,audit-renamed-00010,True
candidate_pool-0011,audit-renamed-00011,True
candidate_pool-0012,audit-renamed-00012,True
candidate_pool-0013,audit-renamed-00013,True
candidate_pool-0014,audit-renamed-00014,True
candidate_pool-0015,audit-renamed-00015,True
candidate_pool-0016,audit-renamed-00016,True
candidate_pool-0017,audit-renamed-00017,True
candidate_pool-0018,audit-renamed-00018,True
candidate_pool-0019,audit-renamed-00019,True
candidate_pool-0020,audit-renamed-00020,True
candidate_pool-0021,audit-renamed-00021,True
candidate_pool-0022,audit-renamed-00022,True
candidate_pool-0023,audit-renamed-00023,True
candidate_pool-0024,audit-renamed-00024,True
candidate_pool-0025,audit-renamed-00025,True
candidate_pool-0026,audit-renamed-00026,True
candidate_pool-0027,audit-renamed-00027,True
candidate_pool-0028,audit-renamed-00028,True
candidate_pool-0029,audit-renamed-00029,True
candidate_pool-0030,audit-renamed-00030,True
candidate_pool-0031,audit-renamed-00031,True
candidate_pool-0032,audit-renamed-00032,True
candidate_pool-0033,audit-renamed-00033,True
candidate_pool-0034,audit-renamed-00034,True
candidate_pool-0035,audit-renamed-00035,True
candidate_pool-0036,audit-renamed-00036,True
candidate_pool-0037,audit-renamed-00037,True
candidate_pool-0038,audit-renamed-00038,True
candidate_pool-0039,audit-renamed-00039,True
candidate_pool-0040,audit-renamed-00040,True
candidate_pool-0041,audit-renamed-00041,True
candidate_pool-0042,audit-renamed-00042,True
candidate_pool-0043,audit-renamed-00043,True
candidate_pool-0044,audit-renamed-00044,True
candidate_pool-0045,audit-renamed-00045,True
candidate_pool-0046,audit-renamed-00046,True
candidate_pool-0047,audit-renamed-00047,True
candidate_pool-0048,audit-renamed-00048,True
candidate_pool-0049,audit-renamed-00049,True
candidate_pool-0050,audit-renamed-00050,True
candidate_pool-0051,audit-renamed-00051,True
candidate_pool-0052,audit-renamed-00052,True
candidate_pool-0053,audit-renamed-00053,True
candidate_pool-0054,audit-renamed-00054,True
candidate_pool-0055,audit-renamed-00055,True
candidate_pool-0056,audit-renamed-00056,True
candidate_pool-0057,audit-renamed-00057,True
candidate_pool-0058,audit-renamed-00058,True
candidate_pool-0059,audit-renamed-00059,True
candidate_pool-0060,audit-renamed-00060,True
candidate_pool-0061,audit-renamed-00061,True
candidate_pool-0062,audit-renamed-00062,True
candidate_pool-0063,audit-renamed-00063,True
candidate_pool-0064,audit-renamed-00064,True
candidate_pool-0065,audit-renamed-00065,True
candidate_pool-0066,audit-renamed-00066,True
candidate_pool-0067,audit-renamed-00067,True
candidate_pool-0068,audit-renamed-00068,True
candidate_pool-0069,audit-renamed-00069,True
candidate_pool-0070,audit-renamed-00070,True
candidate_pool-0071,audit-renamed-00071,True
candidate_pool-0072,audit-renamed-00072,True
candidate_pool-0073,audit-renamed-00073,True
candidate_pool-0074,audit-renamed-00074,True
candidate_pool-0075,audit-renamed-00075,True
candidate_pool-0076,audit-renamed-00076,True
candidate_pool-0077,audit-renamed-00077,True
candidate_pool-0078,audit-renamed-00078,True
candidate_pool-0079,audit-renamed-00079,True
candidate_pool-0080,audit-renamed-00080,True
candidate_pool-0081,audit-renamed-00081,True
candidate_pool-0082,audit-renamed-00082,True
candidate_pool-0083,audit-renamed-00083,True
candidate_pool-0084,audit-renamed-00084,True
candidate_pool-0085,audit-renamed-00085,True
candidate_pool-0086,audit-renamed-00086,True
candidate_pool-0087,audit-renamed-00087,True
candidate_pool-0088,audit-renamed-00088,True
candidate_pool-0089,audit-renamed-00089,True
candidate_pool-0090,audit-renamed-00090,True
candidate_pool-0091,audit-renamed-00091,True
candidate_pool-0092,audit-renamed-00092,True
candidate_pool-0093,audit-renamed-00093,True
candidate_pool-0094,audit-renamed-00094,True
candidate_pool-0095,audit-renamed-00095,True
candidate_pool-0096,audit-renamed-00096,True
candidate_pool-0097,audit-renamed-00097,True
candidate_pool-0098,audit-renamed-00098,True
candidate_pool-0099,audit-renamed-00099,True
candidate_pool-0100,audit-renamed-00100,True
candidate_pool-0101,audit-renamed-00101,True
candidate_pool-0102,audit-renamed-00102,True
candidate_pool-0103,audit-renamed-00103,True
candidate_pool-0104,audit-renamed-00104,True
candidate_pool-0105,audit-renamed-00105,True
candidate_pool-0106,audit-renamed-00106,True
candidate_pool-0107,audit-renamed-00107,True
candidate_pool-0108,audit-renamed-00108,True
candidate_pool-0109,audit-renamed-00109,True
candidate_pool-0110,audit-renamed-00110,True
candidate_pool-0111,audit-renamed-00111,True
candidate_pool-0112,audit-renamed-00112,True
candidate_pool-0113,audit-renamed-00113,True
candidate_pool-0114,audit-renamed-00114,True
candidate_pool-0115,audit-renamed-00115,True
candidate_pool-0116,audit-renamed-00116,True
candidate_pool-0117,audit-renamed-00117,True
candidate_pool-0118,audit-renamed-00118,True
candidate_pool-0119,audit-renamed-00119,True
candidate_pool-0120,audit-renamed-00120,True
candidate_pool-0121,audit-renamed-00121,True
candidate_pool-0122,audit-renamed-00122,True
candidate_pool-0123,audit-renamed-00123,True
candidate_pool-0124,audit-renamed-00124,True
candidate_pool-0125,audit-renamed-00125,True
candidate_pool-0126,audit-renamed-00126,True
candidate_pool-0127,audit-renamed-00127,True
candidate_pool-0128,audit-renamed-00128,True
candidate_pool-0129,audit-renamed-00129,True
candidate_pool-0130,audit-renamed-00130,True
candidate_pool-0131,audit-renamed-00131,True
candidate_pool-0132,audit-renamed-00132,True
candidate_pool-0133,audit-renamed-00133,True
candidate_pool-0134,audit-renamed-00134,True
candidate_pool-0135,audit-renamed-00135,True
candidate_pool-0136,audit-renamed-00136,True
candidate_pool-0137,audit-renamed-00137,True
candidate_pool-0138,audit-renamed-00138,True
candidate_pool-0139,audit-renamed-00139,True
candidate_pool-0140,audit-renamed-00140,True
candidate_pool-0141,audit-renamed-00141,True
candidate_pool-0142,audit-renamed-00142,True
candidate_pool-0143,audit-renamed-00143,True
candidate_pool-0144,audit-renamed-00144,True
candidate_pool-0145,audit-renamed-00145,True
candidate_pool-0146,audit-renamed-00146,True
candidate_pool-0147,audit-renamed-00147,True
candidate_pool-0148,audit-renamed-00148,True
candidate_pool-0149,audit-renamed-00149,True
candidate_pool-0150,audit-renamed-00150,True
candidate_pool-0151,audit-renamed-00151,True
candidate_pool-0152,audit-renamed-00152,True
candidate_pool-0153,audit-renamed-00153,True
candidate_pool-0154,audit-renamed-00154,True
candidate_pool-0155,audit-renamed-00155,True
candidate_pool-0156,audit-renamed-00156,True
candidate_pool-0157,audit-renamed-00157,True
candidate_pool-0158,audit-renamed-00158,True
candidate_pool-0159,audit-renamed-00159,True
candidate_pool-0160,audit-renamed-00160,True
candidate_pool-0161,audit-renamed-00161,True
candidate_pool-0162,audit-renamed-00162,True
candidate_pool-0163,audit-renamed-00163,True
candidate_pool-0164,audit-renamed-00164,True
candidate_pool-0165,audit-renamed-00165,True
candidate_pool-0166,audit-renamed-00166,True
candidate_pool-0167,audit-renamed-00167,True
candidate_pool-0168,audit-renamed-00168,True
candidate_pool-0169,audit-renamed-00169,True
candidate_pool-0170,audit-renamed-00170,True
candidate_pool-0171,audit-renamed-00171,True
candidate_pool-0172,audit-renamed-00172,True
candidate_pool-0173,audit-renamed-00173,True
candidate_pool-0174,audit-renamed-00174,True
candidate_pool-0175,audit-renamed-00175,True
candidate_pool-0176,audit-renamed-00176,True
candidate_pool-0177,audit-renamed-00177,True
candidate_pool-0178,audit-renamed-00178,True
candidate_pool-0179,audit-renamed-00179,True
candidate_pool-0180,audit-renamed-00180,True
candidate_pool-0181,audit-renamed-00181,True
candidate_pool-0182,audit-renamed-00182,True
candidate_pool-0183,audit-renamed-00183,True
candidate_pool-0184,audit-renamed-00184,True
candidate_pool-0185,audit-renamed-00185,True
candidate_pool-0186,audit-renamed-00186,True
candidate_pool-0187,audit-renamed-00187,True
candidate_pool-0188,audit-renamed-00188,True
candidate_pool-0189,audit-renamed-00189,True
candidate_pool-0190,audit-renamed-00190,True
candidate_pool-0191,audit-renamed-00191,True
candidate_pool-0192,audit-renamed-00192,True
candidate_pool-0193,audit-renamed-00193,True
candidate_pool-0194,audit-renamed-00194,True
candidate_pool-0195,audit-renamed-00195,True
candidate_pool-0196,audit-renamed-00196,True
candidate_pool-0197,audit-renamed-00197,True
candidate_pool-0198,audit-renamed-00198,True
candidate_pool-0199,audit-renamed-00199,True
candidate_pool-0200,audit-renamed-00200,True
candidate_pool-0201,audit-renamed-00201,True
candidate_pool-0202,audit-renamed-00202,True
candidate_pool-0203,audit-renamed-00203,True
candidate_pool-0204,audit-renamed-00204,True
candidate_pool-0205,audit-renamed-00205,True
candidate_pool-0206,audit-renamed-00206,True
candidate_pool-0207,audit-renamed-00207,True
candidate_pool-0208,audit-renamed-00208,True
candidate_pool-0209,audit-renamed-00209,True
candidate_pool-0210,audit-renamed-00210,True
candidate_pool-0211,audit-renamed-00211,True
candidate_pool-0212,audit-renamed-00212,True
candidate_pool-0213,audit-renamed-00213,True
candidate_pool-0214,audit-renamed-00214,True
candidate_pool-0215,audit-renamed-00215,True
candidate_pool-0216,audit-renamed-00216,True
candidate_pool-0217,audit-renamed-00217,True
candidate_pool-0218,audit-renamed-00218,True
candidate_pool-0219,audit-renamed-00219,True
candidate_pool-0220,audit-renamed-00220,True
candidate_pool-0221,audit-renamed-00221,True
candidate_pool-0222,audit-renamed-00222,True
candidate_pool-0223,audit-renamed-00223,True
candidate_pool-0224,audit-renamed-00224,True
candidate_pool-0225,audit-renamed-00225,True
candidate_pool-0226,audit-renamed-00226,True
candidate_pool-0227,audit-renamed-00227,True
candidate_pool-0228,audit-renamed-00228,True
candidate_pool-0229,audit-renamed-00229,True
candidate_pool-0230,audit-renamed-00230,True
candidate_pool-0231,audit-renamed-00231,True
candidate_pool-0232,audit-renamed-00232,True
candidate_pool-0233,audit-renamed-00233,True
candidate_pool-0234,audit-renamed-00234,True
candidate_pool-0235,audit-renamed-00235,True
candidate_pool-0236,audit-renamed-00236,True
candidate_pool-0237,audit-renamed-00237,True
candidate_pool-0238,audit-renamed-00238,True
candidate_pool-0239,audit-renamed-00239,True
candidate_pool-0240,audit-renamed-00240,True
candidate_pool-0241,audit-renamed-00241,True
candidate_pool-0242,audit-renamed-00242,True
candidate_pool-0243,audit-renamed-00243,True
candidate_pool-0244,audit-renamed-00244,True
candidate_pool-0245,audit-renamed-00245,True
candidate_pool-0246,audit-renamed-00246,True
candidate_pool-0247,audit-renamed-00247,True
candidate_pool-0248,audit-renamed-00248,True
candidate_pool-0249,audit-renamed-00249,True
candidate_pool-0250,audit-renamed-00250,True
candidate_pool-0251,audit-renamed-00251,True
candidate_pool-0252,audit-renamed-00252,True
candidate_pool-0253,audit-renamed-00253,True
candidate_pool-0254,audit-renamed-00254,True
candidate_pool-0255,audit-renamed-00255,True
candidate_pool-0256,audit-renamed-00256,True
candidate_pool-0257,audit-renamed-00257,True
candidate_pool-0258,audit-renamed-00258,True
candidate_pool-0259,audit-renamed-00259,True
candidate_pool-0260,audit-renamed-00260,True
candidate_pool-0261,audit-renamed-00261,True
candidate_pool-0262,audit-renamed-00262,True
candidate_pool-0263,audit-renamed-00263,True
candidate_pool-0264,audit-renamed-00264,True
candidate_pool-0265,audit-renamed-00265,True
candidate_pool-0266,audit-renamed-00266,True
candidate_pool-0267,audit-renamed-00267,True
candidate_pool-0268,audit-renamed-00268,True
candidate_pool-0269,audit-renamed-00269,True
candidate_pool-0270,audit-renamed-00270,True
candidate_pool-0271,audit-renamed-00271,True
candidate_pool-0272,audit-renamed-00272,True
candidate_pool-0273,audit-renamed-00273,True
candidate_pool-0274,audit-renamed-00274,True
candidate_pool-0275,audit-renamed-00275,True
candidate_pool-0276,audit-renamed-00276,True
candidate_pool-0277,audit-renamed-00277,True
candidate_pool-0278,audit-renamed-00278,True
candidate_pool-0279,audit-renamed-00279,True
candidate_pool-0280,audit-renamed-00280,True
candidate_pool-0281,audit-renamed-00281,True
candidate_pool-0282,audit-renamed-00282,True
candidate_pool-0283,audit-renamed-00283,True
candidate_pool-0284,audit-renamed-00284,True
candidate_pool-0285,audit-renamed-00285,True
candidate_pool-0286,audit-renamed-00286,True
candidate_pool-0287,audit-renamed-00287,True
candidate_pool-0288,audit-renamed-00288,True
candidate_pool-0289,audit-renamed-00289,True
candidate_pool-0290,audit-renamed-00290,True
candidate_pool-0291,audit-renamed-00291,True
candidate_pool-0292,audit-renamed-00292,True
candidate_pool-0293,audit-renamed-00293,True
candidate_pool-0294,audit-renamed-00294,True
candidate_pool-0295,audit-renamed-00295,True
candidate_pool-0296,audit-renamed-00296,True
candidate_pool-0297,audit-renamed-00297,True
candidate_pool-0298,audit-renamed-00298,True
candidate_pool-0299,audit-renamed-00299,True
candidate_pool-0300,audit-renamed-00300,True
candidate_pool-0301,audit-renamed-00301,True
candidate_pool-0302,audit-renamed-00302,True
candidate_pool-0303,audit-renamed-00303,True
candidate_pool-0304,audit-renamed-00304,True
candidate_pool-0305,audit-renamed-00305,True
candidate_pool-0306,audit-renamed-00306,True
candidate_pool-0307,audit-renamed-00307,True
candidate_pool-0308,audit-renamed-00308,True
candidate_pool-0309,audit-renamed-00309,True
candidate_pool-0310,audit-renamed-00310,True
candidate_pool-0311,audit-renamed-00311,True
candidate_pool-0312,audit-renamed-00312,True
candidate_pool-0313,audit-renamed-00313,True
candidate_pool-0314,audit-renamed-00314,True
candidate_pool-0315,audit-renamed-00315,True
candidate_pool-0316,audit-renamed-00316,True
candidate_pool-0317,audit-renamed-00317,True
candidate_pool-0318,audit-renamed-00318,True
candidate_pool-0319,audit-renamed-00319,True
candidate_pool-0320,audit-renamed-00320,True
candidate_pool-0321,audit-renamed-00321,True
candidate_pool-0322,audit-renamed-00322,True
candidate_pool-0323,audit-renamed-00323,True
candidate_pool-0324,audit-renamed-00324,True
candidate_pool-0325,audit-renamed-00325,True
candidate_pool-0326,audit-renamed-00326,True
candidate_pool-0327,audit-renamed-00327,True
candidate_pool-0328,audit-renamed-00328,True
candidate_pool-0329,audit-renamed-00329,True
candidate_pool-0330,audit-renamed-00330,True
candidate_pool-0331,audit-renamed-00331,True
candidate_pool-0332,audit-renamed-00332,True
candidate_pool-0333,audit-renamed-00333,True
candidate_pool-0334,audit-renamed-00334,True
candidate_pool-0335,audit-renamed-00335,True
candidate_pool-0336,audit-renamed-00336,True
candidate_pool-0337,audit-renamed-00337,True
candidate_pool-0338,audit-renamed-00338,True
candidate_pool-0339,audit-renamed-00339,True
candidate_pool-0340,audit-renamed-00340,True
candidate_pool-0341,audit-renamed-00341,True
candidate_pool-0342,audit-renamed-00342,True
candidate_pool-0343,audit-renamed-00343,True
candidate_pool-0344,audit-renamed-00344,True
candidate_pool-0345,audit-renamed-00345,True
candidate_pool-0346,audit-renamed-00346,True
candidate_pool-0347,audit-renamed-00347,True
candidate_pool-0348,audit-renamed-00348,True
candidate_pool-0349,audit-renamed-00349,True
candidate_pool-0350,audit-renamed-00350,True
candidate_pool-0351,audit-renamed-00351,True
candidate_pool-0352,audit-renamed-00352,True
candidate_pool-0353,audit-renamed-00353,True
candidate_pool-0354,audit-renamed-00354,True
candidate_pool-0355,audit-renamed-00355,True
candidate_pool-0356,audit-renamed-00356,True
candidate_pool-0357,audit-renamed-00357,True
candidate_pool-0358,audit-renamed-00358,True
candidate_pool-0359,audit-renamed-00359,True
candidate_pool-0360,audit-renamed-00360,True
candidate_pool-0361,audit-renamed-00361,True
candidate_pool-0362,audit-renamed-00362,True
candidate_pool-0363,audit-renamed-00363,True
candidate_pool-0364,audit-renamed-00364,True
candidate_pool-0365,audit-renamed-00365,True
candidate_pool-0366,audit-renamed-00366,True
candidate_pool-0367,audit-renamed-00367,True
candidate_pool-0368,audit-renamed-00368,True
candidate_pool-0369,audit-renamed-00369,True
candidate_pool-0370,audit-renamed-00370,True
candidate_pool-0371,audit-renamed-00371,True
candidate_pool-0372,audit-renamed-00372,True
candidate_pool-0373,audit-renamed-00373,True
candidate_pool-0374,audit-renamed-00374,True
candidate_pool-0375,audit-renamed-00375,True
candidate_pool-0376,audit-renamed-00376,True
candidate_pool-0377,audit-renamed-00377,True
candidate_pool-0378,audit-renamed-00378,True
candidate_pool-0379,audit-renamed-00379,True
candidate_pool-0380,audit-renamed-00380,True
candidate_pool-0381,audit-renamed-00381,True
candidate_pool-0382,audit-renamed-00382,True
candidate_pool-0383,audit-renamed-00383,True
candidate_pool-0384,audit-renamed-00384,True
candidate_pool-0385,audit-renamed-00385,True
candidate_pool-0386,audit-renamed-00386,True
candidate_pool-0387,audit-renamed-00387,True
candidate_pool-0388,audit-renamed-00388,True
candidate_pool-0389,audit-renamed-00389,True
candidate_pool-0390,audit-renamed-00390,True
candidate_pool-0391,audit-renamed-00391,True
candidate_pool-0392,audit-renamed-00392,True
candidate_pool-0393,audit-renamed-00393,True
candidate_pool-0394,audit-renamed-00394,True
candidate_pool-0395,audit-renamed-00395,True
candidate_pool-0396,audit-renamed-00396,True
candidate_pool-0397,audit-renamed-00397,True
candidate_pool-0398,audit-renamed-00398,True
candidate_pool-0399,audit-renamed-00399,True
candidate_pool-0400,audit-renamed-00400,True
candidate_pool-0401,audit-renamed-00401,True
candidate_pool-0402,audit-renamed-00402,True
candidate_pool-0403,audit-renamed-00403,True
candidate_pool-0404,audit-renamed-00404,True
candidate_pool-0405,audit-renamed-00405,True
candidate_pool-0406,audit-renamed-00406,True
candidate_pool-0407,audit-renamed-00407,True
candidate_pool-0408,audit-renamed-00408,True
candidate_pool-0409,audit-renamed-00409,True
candidate_pool-0410,audit-renamed-00410,True
candidate_pool-0411,audit-renamed-00411,True
candidate_pool-0412,audit-renamed-00412,True
candidate_pool-0413,audit-renamed-00413,True
candidate_pool-0414,audit-renamed-00414,True
candidate_pool-0415,audit-renamed-00415,True
candidate_pool-0416,audit-renamed-00416,True
candidate_pool-0417,audit-renamed-00417,True
candidate_pool-0418,audit-renamed-00418,True
candidate_pool-0419,audit-renamed-00419,True
candidate_pool-0420,audit-renamed-00420,True
candidate_pool-0421,audit-renamed-00421,True
candidate_pool-0422,audit-renamed-00422,True
candidate_pool-0423,audit-renamed-00423,True
candidate_pool-0424,audit-renamed-00424,True
candidate_pool-0425,audit-renamed-00425,True
candidate_pool-0426,audit-renamed-00426,True
candidate_pool-0427,audit-renamed-00427,True
candidate_pool-0428,audit-renamed-00428,True
candidate_pool-0429,audit-renamed-00429,True
candidate_pool-0430,audit-renamed-00430,True
candidate_pool-0431,audit-renamed-00431,True
candidate_pool-0432,audit-renamed-00432,True
candidate_pool-0433,audit-renamed-00433,True
candidate_pool-0434,audit-renamed-00434,True
candidate_pool-0435,audit-renamed-00435,True
candidate_pool-0436,audit-renamed-00436,True
candidate_pool-0437,audit-renamed-00437,True
candidate_pool-0438,audit-renamed-00438,True
candidate_pool-0439,audit-renamed-00439,True
candidate_pool-0440,audit-renamed-00440,True
candidate_pool-0441,audit-renamed-00441,True
candidate_pool-0442,audit-renamed-00442,True
candidate_pool-0443,audit-renamed-00443,True
candidate_pool-0444,audit-renamed-00444,True
candidate_pool-0445,audit-renamed-00445,True
candidate_pool-0446,audit-renamed-00446,True
candidate_pool-0447,audit-renamed-00447,True
candidate_pool-0448,audit-renamed-00448,True
candidate_pool-0449,audit-renamed-00449,True
candidate_pool-0450,audit-renamed-00450,True
candidate_pool-0451,audit-renamed-00451,True
candidate_pool-0452,audit-renamed-00452,True
candidate_pool-0453,audit-renamed-00453,True
candidate_pool-0454,audit-renamed-00454,True
candidate_pool-0455,audit-renamed-00455,True
candidate_pool-0456,audit-renamed-00456,True
candidate_pool-0457,audit-renamed-00457,True
candidate_pool-0458,audit-renamed-00458,True
candidate_pool-0459,audit-renamed-00459,True
candidate_pool-0460,audit-renamed-00460,True
candidate_pool-0461,audit-renamed-00461,True
candidate_pool-0462,audit-renamed-00462,True
candidate_pool-0463,audit-renamed-00463,True
candidate_pool-0464,audit-renamed-00464,True
candidate_pool-0465,audit-renamed-00465,True
candidate_pool-0466,audit-renamed-00466,True
candidate_pool-0467,audit-renamed-00467,True
candidate_pool-0468,audit-renamed-00468,True
candidate_pool-0469,audit-renamed-00469,True
candidate_pool-0470,audit-renamed-00470,True
candidate_pool-0471,audit-renamed-00471,True
candidate_pool-0472,audit-renamed-00472,True
candidate_pool-0473,audit-renamed-00473,True
candidate_pool-0474,audit-renamed-00474,True
candidate_pool-0475,audit-renamed-00475,True
candidate_pool-0476,audit-renamed-00476,True
candidate_pool-0477,audit-renamed-00477,True
candidate_pool-0478,audit-renamed-00478,True
candidate_pool-0479,audit-renamed-00479,True
candidate_pool-0480,audit-renamed-00480,True
candidate_pool-0481,audit-renamed-00481,True
candidate_pool-0482,audit-renamed-00482,True
candidate_pool-0483,audit-renamed-00483,True
candidate_pool-0484,audit-renamed-00484,True
candidate_pool-0485,audit-renamed-00485,True
candidate_pool-0486,audit-renamed-00486,True
candidate_pool-0487,audit-renamed-00487,True
candidate_pool-0488,audit-renamed-00488,True
candidate_pool-0489,audit-renamed-00489,True
candidate_pool-0490,audit-renamed-00490,True
candidate_pool-0491,audit-renamed-00491,True
candidate_pool-0492,audit-renamed-00492,True
candidate_pool-0493,audit-renamed-00493,True
candidate_pool-0494,audit-renamed-00494,True
candidate_pool-0495,audit-renamed-00495,True
candidate_pool-0496,audit-renamed-00496,True
candidate_pool-0497,audit-renamed-00497,True
candidate_pool-0498,audit-renamed-00498,True
candidate_pool-0499,audit-renamed-00499,True
